step	status	exit_code	started_utc	finished_utc	log_file	note
system_before	OK	0	2026-10-09T11:31:08Z	2026-10-09T11:31:09Z	system_before.log	
platform	OK	0	2026-10-09T11:31:09Z	2026-10-09T11:31:09Z	platform.log	
user_context	OK	0	2026-10-09T11:31:09Z	2026-10-09T11:31:09Z	user_context.log	
source_snapshot	OK	0	2026-10-09T11:31:09Z	2026-10-09T11:31:09Z	source_snapshot.log	
docker_daemon	OK	0	2026-10-09T11:31:09Z	2026-10-09T11:31:09Z	docker_daemon.log	
docker_runtime	OK	0	2026-10-09T11:31:09Z	2026-10-09T11:31:10Z	docker_runtime.log	
apt_base_update	SKIP	77	2026-10-09T11:31:10Z	2026-10-09T11:31:10Z	apt_base_update.log	Already installed/usable; existing installation reused.
base_packages	SKIP	77	2026-10-09T11:31:10Z	2026-10-09T11:31:11Z	base_packages.log	Already installed/usable; existing installation reused.
apt_universe	SKIP	77	2026-10-09T11:31:11Z	2026-10-09T11:31:11Z	apt_universe.log	Already installed/usable; existing installation reused.
ros_apt_source	SKIP	77	2026-10-09T11:31:11Z	2026-10-09T11:31:11Z	ros_apt_source.log	Already installed/usable; existing installation reused.
apt_ros_update	SKIP	77	2026-10-09T11:31:11Z	2026-10-09T11:31:11Z	apt_ros_update.log	Already installed/usable; existing installation reused.
ros_packages	SKIP	77	2026-10-09T11:31:11Z	2026-10-09T11:31:11Z	ros_packages.log	Already installed/usable; existing installation reused.
ros_bridge_build	SKIP	77	2026-10-09T11:31:11Z	2026-10-09T11:31:13Z	ros_bridge_build.log	Already installed/usable; existing installation reused.
lidar_source	SKIP	77	2026-10-09T11:31:13Z	2026-10-09T11:31:13Z	lidar_source.log	Already installed/usable; existing installation reused.
lidar_build	SKIP	77	2026-10-09T11:31:13Z	2026-10-09T11:31:14Z	lidar_build.log	Already installed/usable; existing installation reused.
model_download	SKIP	77	2026-10-09T11:31:14Z	2026-10-09T11:31:14Z	model_download.log	Already installed/usable; existing installation reused.
yolo_image	SKIP	77	2026-10-09T11:31:14Z	2026-10-09T11:31:14Z	yolo_image.log	Already installed/usable; existing installation reused.
jetson_gpio	SKIP	77	2026-10-09T11:31:14Z	2026-10-09T11:31:14Z	jetson_gpio.log	Already installed/usable; existing installation reused.
verify_python	OK	0	2026-10-09T11:31:14Z	2026-10-09T11:31:15Z	verify_python.log	
verify_ros_bridge	OK	0	2026-10-09T11:31:15Z	2026-10-09T11:31:16Z	verify_ros_bridge.log	
verify_lidar	OK	0	2026-10-09T11:31:16Z	2026-10-09T11:31:17Z	verify_lidar.log	
verify_model	OK	0	2026-10-09T11:31:17Z	2026-10-09T11:31:17Z	verify_model.log	
verify_yolo_image	OK	0	2026-10-09T11:31:17Z	2026-10-09T11:31:17Z	verify_yolo_image.log	
configuration	OK	0	2026-10-09T11:31:17Z	2026-10-09T11:31:17Z	configuration.log	
system_after	OK	0	2026-10-09T11:31:17Z	2026-10-09T11:31:19Z	system_after.log	
